record_type,ingredient_id,product_id,name_kr,name_en_or_brand,summary_text,benefit_text,caution_text,usage_reason_text,caution_group_text,combo_recommendation,product_summary_one_liner,product_composition_text,generated_at
ingredient,2,,가지열매추출물,Solanum Melongena (Eggplant) Fruit Extract,벗겨짐을 줄이고 탄력을 회복시켜 건조하고 손상된 피부의 외관을 개선시키는 성분.,가지 열매에서 얻은 추출물로 항산화 효과가 있다고 알려져 있습니다.,상대적으로 임상 데이터가 적은 성분입니다.,,,,,,2026-08-21T07:16:29.142212
ingredient,9,,리날룰,Linalool,이 제품은 특별한 향을 더해 주는 성분을 포함하고 있습니다.,여러 식물·에센셜 오일에 자연적으로 존재하는 향 성분입니다.,화장품 성분 중 접촉성 알레르기를 유발할 수 있는 대표적인 향료 알레르겐으로 알려져 있어 향료 민감자는 주의가 필요합니다.,,,,,,2026-08-19T04:00:09.585826
ingredient,31,,글루티너스리트세아나무껍질추출물,Litsea Glutinosa Bark Extract,건조하고 손상된 피부의 외관을 개선하는데 도움을 주는 성분.,,,,,,,,2026-08-19T04:00:02.988409
ingredient,74,,마돈나백합비늘줄기추출물,Lilium Candidum Bulb Extract,건조하고 손상된 피부의 외관을 개선시켜주는 성분입니다.,,,,,,,,2026-08-19T04:00:41.187714
ingredient,18,,리놀레익애씨드,Linoleic Acid,"리놀레익애씨드는 피부와 모발을 깨끗하게 하고, 탄력을 회복시키는 성분입니다.","피부를 부드럽게 하고, 모발의 건강을 유지하는 데 도움을 줍니다.",,이 제품에서는 피부 컨디셔닝과 향을 부여하는 목적으로 사용되었습니다.,,,,,2026-08-25T01:21:50.825989
ingredient,22,,리보플라빈,"Riboflavin,Lactoflavin",리보플라빈은 피부를 컨디셔닝해 건조와 손상에 대응하는 성분입니다.,피부의 탄력을 회복시켜 매끄럽고 건강해 보이는 효과가 있습니다.,,이 제품은 피부 진정과 미백을 목표로 하기 때문에 피부 컨디셔닝을 돕는 성분을 포함하고 있습니다.,,,,,2026-08-25T01:21:59.988605
ingredient,71,,마데카식애씨드,Madecassic Acid,"마데카식애씨드는 피부를 부드럽게 하고 탄력을 회복시키는 성분으로, 건조한 피부를 개선하는 데 도움을 줍니다.","피부의 건조함을 줄이고, 매끄러운 턴을 유지하는 데 도움을 줍니다.",,이 제품은 피부를 부드럽게 하고 탄력을 회복시키기 위해 마데카식애씨드를 포함하고 있습니다.,,,,,2026-08-25T11:41:55.277893
ingredient,171,,메틸글루코오스다이올리에이트,Methyl Glucose Dioleate,이 화장품은 피부 표면을 윤활시켜 부드럽고 매끄러운 표면을 보여줍니다.,,,,,,,,2026-08-19T03:59:52.384529
ingredient,198,,메틸실란올하이드록시프롤린아스파테이트,Methylsilanol Hydroxyproline Aspartate,건조하고 손상된 피부의 외관을 개선시켜 피부의 탄력을 회복하는 성분.,,,,,,,,2026-08-19T04:00:20.983920
ingredient,559,,복사나무꽃추출물,Prunus Persica (Peach) Flower Extract,복사나무꽃추출물은 피부를 부드럽게 하고 탄력을 회복시켜 건조한 피부를 개선하는 성분입니다.,피부의 탄력과 수분을 유지해 건강한 피부를 지원합니다.,,이 제품의 미백과 수분 관리 효과를 보완하기 위해 사용되었습니다.,,,,,2026-08-25T11:41:41.243726
ingredient,475,,베타인,Betaine,베타인은 피부와 모발에 수분을 공급하여 보습과 컨디셔닝 효과를 주는 성분입니다.,피부에 수분을 공급해 건조함을 개선해 주는 효과가 있습니다.,,이 제품은 피부 보습과 컨디셔닝을 목표로 하기 때문에 베타인을 포함하고 있습니다.,,,,,2026-08-25T11:43:45.291437
ingredient,773,,글루코노락톤,Gluconolactone,피부컨디셔닝제로 피부 탄력을 회복시키고 건조한 피부를 개선해 줍니다.,피부의 건강을 유지하고 매끄러운 외관을 도와줍니다.,,이 제품의 진정 효과를 보완하고 피부의 건강을 유지하기 위해 사용됩니다.,,,,,2026-08-25T11:44:04.201389
ingredient,1012,,글리세린,Glycerin,이 성분은 화장품에서 피부 보습 및 컨디셔닝 효과를 제공합니다. 특히 건성 피부에 효과적입니다.,글리세린은 피부에 수분을 흡수시켜 보습 효과를 제공합니다.,글리세린은 피부에 적용할 때 알레르기 반응을 일으킬 수 있으므로 사용 전 피부에 반응을 확인하는 것이 좋습니다.,이 성분은 화장품의 컨디셔닝 효과를 높이는 데 사용됩니다.,,아누아 어성초 77 B3 징크 트러블 세럼 30ml과 함께 사용하면 더욱 효과를 볼 수 있습니다.,,,2026-08-24T07:28:51.299101
ingredient,997,,세틸에틸헥사노에이트,Cetyl Ethylhexanoate,피부에 윤활제 역할을 해 피부를 부드럽고 매끄럽게 해줍니다.,피부를 부드럽게 해주어 사용 후 촉촉하고 매끄러운 느낌을 줍니다.,,이 제품의 보습과 유연 목적을 위해 피부에 윤활 효과를 주는 성분으로 사용되었습니다.,,,,,2026-08-25T11:47:15.235758
ingredient,1144,,소듐시트레이트,Sodium Citrate,소듐시트레이트는 제품의 pH를 조절하고 금속이온을 불활성화하여 화장품의 안정성을 높이는 역할을 합니다.,제품의 안정성과 사용감을 향상시켜 피부에 부드럽게 도달하게 해줍니다.,,이 제품의 pH 조절과 금속이온 제어를 위해 첨가되었습니다.,,,,,2026-08-25T11:43:30.703146
ingredient,1252,,소듐폴리아크릴레이트,Sodium Polyacrylate,"소듐폴리아크릴레이트는 피부에 피막을 형성하고, 액체의 점도를 조절하여 제품의 사용감을 개선하는 성분입니다.",피부에 윤활감을 주어 부드러운 느낌을 제공합니다.,,이 제품의 수분 보습 및 수분차단 기능을 보완하기 위해 사용되었습니다.,,,,,2026-08-25T11:45:24.468165
ingredient,1267,,소듐하이알루로네이트크로스폴리머,Sodium Hyaluronate Crosspolymer,피부를 부드럽게 하고 수분을 유지해 건조한 피부를 개선하는 성분입니다.,피부에 수분을 공급해 촉촉하고 건강한 느낌을 줍니다.,,이 제품의 보습과 탄력 개선 목적에 부합하는 성분입니다.,,,,,2026-08-25T01:24:03.667348
ingredient,1380,,수크로오스팔미테이트,Sucrose Palmitate,"피부를 부드럽게 하고 윤활감을 주는 계면활성제 및 피부컨디셔닝제로, 피부 표면을 매끄럽게 해줍니다.",피부에 윤활감을 주어 부드러운 느낌을 제공합니다.,,"이 제품의 미백 및 수분 관리 목적을 지원하며, 피부 표면을 매끄럽게 해주는 역할을 합니다.",,,,,2026-08-25T09:51:52.304152
ingredient,1290,,솔비탄올리에이트,Sorbitan Oleate,"솔비탄올리에이트는 유화제와 착향제로, 제품의 텍스처를 개선하고 향을 부여하는 역할을 합니다.","제품의 사용감을 향상시키고, 향을 통해 사용자에게 편안함을 제공합니다.",,이 성분은 제품의 유제 형성과 향을 부여하기 위해 배합되었습니다.,,,,,2026-08-25T11:45:35.060229
ingredient,1546,,실리카,Silica,"실리카는 화장품의 투명도를 낮추고, 고체 입자의 응집을 방지하는 역할을 합니다.","피부 결점을 가리고, 제품의 균일한 분배를 도와줍니다.",,이 제품은 피부의 수분 고민을 해결하기 위해 실리카를 포함하고 있습니다.,,,,,2026-08-25T11:45:10.747921
ingredient,1401,,스쿠알란,Squalane,"스쿠알란은 피부에 보호막을 형성해 수분 손실을 줄이고, 모발의 유연성과 광택을 개선하는 성분입니다.",피부와 모발의 건강을 유지하며 부드럽고 윤택한 느낌을 줍니다.,,이 제품은 피부의 수분을 보호하고 모발의 외형을 개선하기 위해 스쿠알란을 포함하고 있습니다.,,,,,2026-08-25T11:47:48.600956
ingredient,1738,,아시아틱애씨드,Asiatic Acid,아시아틱애씨드는 피부를 부드럽게 하고 탄력을 회복시켜 건조한 피부를 개선하는 성분입니다.,피부의 건조함을 개선해 매끄럽고 탄력 있는 피부를 유지할 수 있습니다.,,이 제품은 피부를 컨디셔닝하여 수분을 유지하고 미백 효과를 돕는 데 사용됩니다.,,,,,2026-08-25T11:41:59.890809
ingredient,1824,,알란토인,Allantoin,"피부를 일시적으로 보호하고, 건조한 피부를 개선하는 역할을 합니다.","피부의 건강을 유지하고, 외부 자극으로부터 보호해 줍니다.",,피부 진정과 컨디셔닝을 위해 이 제품에 포함되어 있습니다.,,,,,2026-08-25T11:44:18.783640
ingredient,1823,,알라닌,Alanine,알라닌은 향을 부여하고 피부와 모발을 컨디셔닝하는 역할을 합니다.,피부와 모발의 건강을 유지하고 외관을 개선해 줍니다.,,이 제품은 피부의 건조와 손상을 개선하기 위해 알라닌을 포함하고 있습니다.,,,,,2026-08-25T11:46:06.102236
ingredient,1944,,암모늄아크릴로일다이메틸타우레이트/브이피코폴리머,Ammonium Acryloyldimethyltaurate/VP Copolymer,이 성분은 화장품의 수성 부분의 점성을 증가시키는 역할을 합니다.,제품의 텍스처를 부드럽게 해 피부에 더 잘 발라지도록 도와줍니다.,,이 제품은 수분을 잡아주는 효과를 위해 이 성분을 포함하고 있습니다.,,,,,2026-08-25T09:51:03.508822
ingredient,1880,,알지닌,Arginine,알지닌은 향을 부여하고 피부와 모발을 부드럽게 하는 역할을 합니다.,피부와 모발의 탄력과 유연성을 높여 건강한 외관을 유지할 수 있어요.,,이 제품은 피부를 부드럽게 하고 탄력을 회복시켜 모공 관리에 도움을 줄 수 있도록 배합되었습니다.,,,,,2026-08-25T09:51:08.394277
ingredient,1928,,나이아신,Niacin,"벗겨짐을 줄이고 탄력을 회복시켜 건조하고 손상된 피부의 외관을 개선시키는 성분. 모발에 특별한 효과를 부여하는 성분으로 모발의 외형과 느낌 개선, 유연성 증대, 스타일 증진, 윤택 및 광택 부여, 모발의 질감 개선 등을 목적으로 함.",,,,,,,,2026-08-25T10:55:07.430328
ingredient,2083,,에틸헥실팔미테이트,Ethylhexyl Palmitate,에틸헥실팔미테이트는 향을 부여하고 피부를 부드럽게 하는 성분입니다.,피부에 윤활감을 주어 매끄러운 느낌을 제공합니다.,,제품의 향을 향상시키고 피부의 윤활감을 높이기 위해 사용되었습니다.,,,,,2026-08-25T11:44:56.673704
ingredient,2582,,잇꽃씨오일,Carthamus Tinctorius (Safflower) Seed Oil,"잇꽃씨오일은 피부에 향을 더하고, 피부 표면에 보호막을 형성하여 수분 손실을 줄이는 역할을 합니다.","피부에 부드러운 향을 제공하며, 수분을 오래 유지해 주는 효과가 있습니다.",,"이 제품은 피부에 향을 더하고, 수분 손실을 줄이기 위해 이 성분을 포함하고 있습니다.",,,,,2026-08-25T11:42:59.945325
ingredient,2526,,아이소프로필미리스테이트,Isopropyl Myristate,"아이소프로필미리스테이트는 피부를 부드럽게 하고 윤활제 역할을 하며, 제품의 향을 부여하는 성분입니다.",피부를 부드럽게 해주어 사용 후 매끄럽고 윤기 있는 피부를 경험할 수 있습니다.,,이 제품은 피부를 부드럽게 하고 윤활제 역할을 하기 위해 이 성분을 포함하고 있습니다.,,,,,2026-08-25T11:47:10.703646
ingredient,2706,,녹차씨오일,Camellia Sinensis Seed Oil,피부에 수분을 공급하고 수분 손실을 줄여주는 보습 효과가 있어요.,피부에 수분을 공급해 건강한 피부를 유지할 수 있어요.,,피부에 수분을 공급하고 수분 손실을 줄이기 위해 제품에 포함되어 있어요.,,,,,2026-08-25T11:41:45.462054
ingredient,2765,,징크피씨에이,Zinc PCA,징크피씨에이는 피부를 컨디셔닝해 건조와 손상에 대응하는 성분입니다.,피부의 탄력과 외관을 개선해 건강한 피부를 유지할 수 있어요.,한도 내에서 사용해 주세요.,이 제품은 피부 진정을 위해 피부 컨디셔닝을 돕는 역할을 해요.,,,,,2026-08-25T11:43:35.373106
ingredient,2876,,카카오추출물,Theobroma Cacao (Cocoa) Extract,피부를 부드럽게 하고 탄력을 회복시켜 건조한 피부를 개선하는 성분입니다.,피부의 건조함을 줄여 매끄럽고 탄력 있는 피부를 유지할 수 있어요.,,이 제품은 피부를 부드럽게 하고 탄력을 회복시키기 위해 배합되었습니다.,,,,,2026-08-25T11:41:32.662942
ingredient,2821,,멕시칸치아씨오일,Salvia Hispanica Seed Oil,멕시칸치아씨오일은 피부 표면에 장벽을 형성하여 수분 손실을 늦추는 역할을 합니다.,피부에 수분을 오래 유지해 건강한 피부를 지켜줍니다.,,이 제품은 수분 보충과 피부 컨디셔닝을 위해 포함되었습니다.,,,,,2026-08-25T11:43:04.169110
ingredient,2889,,카프릴로일살리실릭애씨드,Capryloyl Salicylic Acid,피부컨디셔닝제로 피부의 탄력을 회복시키고 건조함을 개선해 줍니다.,피부의 건조함을 줄여 매끄럽고 윤기 있는 피부를 유지할 수 있어요.,,이 제품의 진정 효과를 보완하며 피부의 건강을 유지하기 위해 사용했어요.,,,,,2026-08-25T11:44:28.226682
ingredient,3204,,타이로신,Tyrosine,타이로신은 향을 부여하고 피부와 모발의 건강을 개선하는 성분입니다.,피부와 모발의 탄력과 외관을 개선해 건강한 피부를 유지할 수 있어요.,,이 제품은 피부와 모발의 건강을 개선하기 위해 타이로신을 포함하고 있어요.,,,,,2026-08-25T11:46:15.399108
ingredient,3260,,토코페롤,Tocopherol,토코페롤은 피부를 보호하고 수분 손실을 줄이는 역할을 합니다.,"피부 건강을 유지하고, 수분을 오래 유지할 수 있도록 도와줍니다.",한도 내에서 사용하는 것이 좋습니다.,이 제품은 피부 진정과 보습을 목표로 하기 때문에 토코페롤이 포함되어 있습니다.,,,,,2026-08-25T11:44:14.665409
ingredient,3500,,판테놀,Panthenol,"이 성분은 피부에 수분을 흡수시켜 건조 피부를 보습하고, 촉촉함을 유지하는 데 도움을 줍니다.","이 성분은 피부에 촉촉함을 유지하고, 건조 피부를 보습하는 데 도움을 줍니다.",,"이 성분은 피부에 촉촉함을 유지하고, 건조 피부를 보습하는 데 도움을 줍니다.",,"이 성분은 피부에 촉촉함을 유지하고, 건조 피부를 보습하는 데 도움을 줍니다.",,,2026-08-24T07:27:30.515709
ingredient,3667,,"1,10-데칸다이올","1,10-Decanediol",이 성분은 피부 탄력을 높여주고 건조한 피부를 보습시켜주는 데 도움을 주는 성분입니다.,이 성분은 피부 탄력을 높여주고 건조한 피부를 보습시켜줍니다.,,이 성분은 피부 컨디셔닝제로 사용됩니다.,,"1,10-데칸다이올과 함께 사용하면 피부 탄력을 더욱 높일 수 있습니다.",,,2026-08-24T07:26:19.759754
ingredient,3621,,포도씨오일,Vitis Vinifera (Grape) Seed Oil,피부를 컨디셔닝해 건조와 손상에 대응하는 성분입니다.,피부 탄력과 외관을 개선해 주는 효과가 있습니다.,,이 제품의 미백과 수분 관리 목적에 부합하는 성분입니다.,,,,,2026-08-25T09:52:29.328733
ingredient,3608,,편백잎추출물,Chamaecyparis Obtusa Leaf Extract,피부컨디셔닝제로 피부 탄력을 회복시키고 건조함을 개선해 줍니다.,피부의 건조함을 줄여 매끄럽고 탄력 있는 피부를 유지할 수 있어요.,,이 제품의 미백 및 수분 관리 목적에 부합하는 성분이에요.,,,,,2026-08-25T11:41:36.869019
ingredient,3721,,폴리글리세릴-3다이아이소스테아레이트,Polyglyceryl-3 Diisostearate,피부 표면에 윤활제로 작용하여 피부가 부드럽고 매끄러워 보이도록 도와주는 성분입니다.,피부를 부드럽게 해주어 사용 후 촉촉하고 매끄러운 느낌을 줍니다.,,이 제품은 피부를 부드럽게 하고 윤활감을 제공하기 위해 이 성분을 포함하고 있습니다.,,,,,2026-08-25T11:47:28.858843
ingredient,3759,,폴리글리세릴-10올리에이트,Polyglyceryl-10 Oleate,피부에 윤활제로 작용하여 부드럽고 매끄러운 느낌을 제공하는 성분입니다.,피부에 윤활 효과를 주어 매끄럽고 부드러운 느낌을 줍니다.,,이 제품은 피부를 부드럽게 하기 위해 이 성분을 포함하고 있습니다.,,,,,2026-08-25T11:43:21.036419
ingredient,3727,,폴리글리세릴-2다이폴리하이드록시스테아레이트,Polyglyceryl-2 Dipolyhydroxystearate,피부 표면에 장벽을 형성하여 수분 손실을 늦추는 성분입니다.,피부의 수분을 오래 유지해 건강한 피부를 지켜줍니다.,,이 제품의 수분차단 및 보습 효과를 높이기 위해 사용되었습니다.,,,,,2026-08-25T11:47:19.511805
ingredient,3956,,프로폴리스추출물,Propolis Extract,피부컨디셔닝제로 피부 탄력을 회복시키고 건조한 피부를 개선해 줍니다.,피부의 건강을 유지하고 외관을 개선하는 데 도움을 줍니다.,,"이 제품의 수분 보습 목적에 부합하며, 피부 건강을 유지하는 데 기여합니다.",,,,,2026-08-25T11:45:39.384903
ingredient,4670,,하이드록시프로필트라이모늄하이알루로네이트,Hydroxypropyltrimonium Hyaluronate,"하이드록시프로필트라이모늄하이알루로네이트는 피부에 수분을 유지시키고, 피막을 형성해 보호 효과를 줍니다.",피부에 수분을 오래 유지시켜 건강한 피부를 유지할 수 있습니다.,,이 제품은 수분 보충과 피부 보호를 위해 이 성분을 포함하고 있습니다.,,,,,2026-08-25T01:23:51.019515
ingredient,4776,,하이드롤라이즈드호호바에스터,Hydrolyzed Jojoba Esters,"하이드롤라이즈드호호바에스터는 피부에 보호막을 형성하고, 모발의 수분 손실을 줄이는 역할을 합니다.",피부와 모발에 보호막을 형성해 수분 손실을 줄여 건강한 피부를 유지할 수 있습니다.,,"이 제품은 피부에 보호막을 형성하고, 모발의 수분 손실을 줄이는 데 사용됩니다.",,,,,2026-08-25T09:50:59.258253
ingredient,4840,,"1,2-헥산다이올","1,2-Hexanediol","1,2-헥산다이올은 용제로, 제품의 성분을 균일하게 혼합하여 사용성을 높이는 역할을 합니다.",제품의 성분이 균일하게 혼합되어 피부에 더 효과적으로 도달할 수 있습니다.,,"이 제품은 피부에 수분과 진정 효과를 주기 위해 다양한 성분을 균일하게 혼합하기 위해 1,2-헥산다이올을 사용합니다.",,,,,2026-08-25T09:49:50.906763
ingredient,4815,,향료,"Flavor,Fragrance,perfume,Parfum,Aroma",향료로 제품에 향을 부여하는 역할을 합니다.,사용자에게 향을 제공해 제품 사용 경험을 향상시킵니다.,,제품에 향을 부여하기 위해 사용되었습니다.,민감성 피부는 주의가 필요해요,,,,2026-08-25T09:51:12.335824
ingredient,4787,,한련초추출물,Eclipta Prostrata Extract,한련초추출물은 피부를 부드럽게 하고 탄력을 되찾는 데 도움을 줍니다.,피부의 건조함을 개선해 매끄럽고 건강한 피부를 유지할 수 있어요.,,이 제품은 피부를 컨디셔닝하여 건조한 피부를 개선하기 위해 사용되었습니다.,,,,,2026-08-25T09:52:01.157929
ingredient,4907,,홀리바질잎추출물,Ocimum Sanctum Leaf Extract,피부를 부드럽게 하고 탄력을 되찾아 건조한 피부를 개선해 줍니다.,피부의 건강을 유지하고 매끄러운 외관을 도와줍니다.,,이 제품의 미백 및 수분 관리 효과를 보완하기 위해 사용되었습니다.,,,,,2026-08-25T11:42:50.454439
ingredient,4803,,해바라기씨오일,Helianthus Annuus (Sunflower) Seed Oil,해바라기씨오일은 피부를 부드럽게 하고 수분을 유지하는 데 도움을 줍니다.,피부의 건조함을 개선해 매끄럽고 탄력 있는 피부를 유지할 수 있습니다.,,이 제품은 피부를 보호하고 수분 손실을 줄이기 위해 포함되었습니다.,,,,,2026-08-25T11:47:38.741913
ingredient,4923,,다이메틸실란올하이알루로네이트,Dimethylsilanol Hyaluronate,피부를 부드럽게 하고 탄력을 되찾아 건조한 피부를 개선하는 성분입니다.,피부의 탄력과 부드러움을 높여 건강한 피부를 유지할 수 있어요.,,이 제품은 피부를 컨디셔닝하여 외관을 개선하는 데 사용되었어요.,,,,,2026-08-25T11:42:23.318486
ingredient,5215,,다이포타슘글리시리제이트,Dipotassium Glycyrrhizate,"다이포타슘글리시리제이트는 피부를 부드럽게 하고, 제품의 향을 향상시키는 역할을 합니다.",피부를 부드럽게 해주어 사용감을 개선해 줍니다.,,이 제품은 피부를 컨디셔닝하여 건조함을 개선하기 위해 사용되었습니다.,,,,,2026-08-25T11:43:54.713292
ingredient,5617,,알파-알부틴,Alpha-Arbutin,알파-알부틴은 피부를 보호하고 컨디셔닝하는 역할을 합니다.,피부의 건강을 유지하고 매끄러운 외관을 제공합니다.,,이 제품의 미백과 수분 관리 목적을 지원하기 위해 사용되었습니다.,,,,,2026-08-25T09:51:47.379033
ingredient,5648,,아이비고드열매추출물,Coccinia Indica Fruit Extract,아이비고드열매추출물은 피부를 컨디셔닝해 건조와 손상에 대응하는 성분입니다.,피부의 탄력을 회복시켜 매끄럽고 건강해 보이는 효과가 있습니다.,,이 제품의 미백과 수분 관리 목적에 부합하는 성분으로 사용되었습니다.,,,,,2026-08-25T09:51:56.708306
ingredient,7162,,복숭아수,Prunus Persica (Peach) Fruit Water,제품에 향을 부여하는 성분.,복숭아에서 얻은 수분으로 가볍게 진정과 보습 효과를 줍니다.,특별한 주의사항이 없는 성분입니다.,,,,,,2026-08-20T16:26:03.039613
ingredient,8324,,세라마이드이오피,Ceramide EOP,세라마이드이오피는 피부와 모발을 보호하고 건강하게 유지하는 데 도움을 줍니다.,피부와 모발의 탄력과 유연성을 높여 건강한 외관을 유지할 수 있어요.,,이 제품은 피부를 보호하고 수분을 유지하는 데 기여하기 위해 포함되어 있어요.,,,,,2026-08-25T11:48:07.068878
ingredient,12220,,"1-하이드록시에틸4,5-다이아미노피라졸설페이트","1-Hydroxyethyl 4,5-Diamino Pyrazole Sulfate","모발의 색을 바꾸어 주는 성분. 염모제가 모발에 영향을 주는 시간에 따라서 영구적, 준영구적, 일시적일 수 있다.",,,,,,,,2026-08-20T13:54:37.385043
ingredient,15586,,약모밀꽃/잎/줄기수,Houttuynia Cordata Flower/Leaf/Stem Water,"약모밀꽃/잎/줄기수는 화장품에서 산화방지 효과를 제공하며, 피부 컨디셔닝 효과를 제공합니다.",이 성분은 피부에 탄력을 회복시켜 건조하고 손상된 피부의 외관을 개선하는 효과를 제공합니다.,,"이 성분은 피부에 산화방지 효과를 제공하며, 컨디셔닝 효과를 제공합니다.",,약모밀꽃/잎/줄기수는 피부에 탄력을 회복시켜 건조하고 손상된 피부의 외관을 개선하는 효과를 제공하는 성분입니다. 이 성분은 다른 성분과 시너지 효과를 발휘할 수 있습니다.,,,2026-08-24T07:23:51.782174
ingredient,18575,,"2,6-디아미노피리딘","2,6-Diaminopyridine",이 성분은 모발 색을 바꾸는 염모제 역할을 합니다.,,,,,,,,2026-08-20T13:54:29.283092
ingredient,5,,류신,Leucine,"류신은 피부와 모발을 관리하는 성분으로, 피부의 탄력과 건강을 개선하며 모발의 외관과 유연성을 향상시킵니다.","피부와 모발의 건강을 유지하고, 매끄럽고 윤택한 느낌을 줍니다.",,이 제품은 피부의 건조와 손상을 개선하기 위해 류신을 포함하고 있습니다.,,,,,2026-08-25T01:21:37.361214
ingredient,6,,류코노스톡/무발효여과물,Leuconostoc/Radish Root Ferment Filtrate,류코노스톡/무발효여과물은 피부와 모발을 부드럽게 하고 탄력을 회복시키는 성분입니다.,피부와 모발의 건강을 개선해 매끄럽고 윤택한 느낌을 줍니다.,,"이 제품의 모공 관리 목적에 부합하며, 피부의 건조와 손상을 개선하기 위해 사용되었습니다.",,,,,2026-08-25T01:21:41.769287
ingredient,22003,,약모밀소포,,약모밀소포는 피부를 부드럽게 하고 탄력을 회복시켜 건조한 피부를 개선하는 성분입니다.,피부의 건조함을 줄여 매끄럽고 윤기 있는 피부를 유지할 수 있어요.,,이 제품은 진정 효과를 위해 피부를 부드럽게 하고 탄력을 회복시키는 데 사용되었어요.,,,,,2026-08-25T11:44:42.195896
ingredient,11,,리놀레닉애씨드,Linolenic Acid,"리놀레닉애씨드는 피부와 모발을 깨끗하게 하고, 탄력을 회복시켜 건조한 피부를 개선하는 성분입니다.","피부를 부드럽게 하고, 모발의 탄력을 높여 건강한 피부와 모발을 유지할 수 있습니다.",,이 제품은 피부 보습과 컨디셔닝을 목적으로 하기 때문에 리놀레닉애씨드가 포함되어 있습니다.,,,,,2026-08-25T01:21:46.704267
ingredient,20,,리모넨,Limonene,"리모넨은 용제 및 착향제 역할을 하며, 제품의 향을 부여하고 성분들의 균일한 분산을 돕습니다.",제품의 향을 자연스럽게 더해 사용자에게 편안한 사용감을 제공합니다.,,제품의 향을 부여하고 성분들의 균일한 분산을 돕기 위해 사용되었습니다.,,,,,2026-08-25T01:21:55.552858
ingredient,5611,,하이드롤라이즈드하이알루로닉애씨드,Hydrolyzed Hyaluronic Acid,하이드롤라이즈드하이알루로닉애씨드는 피부와 모발의 수분 함량을 높이는 데 도움을 줍니다.,피부와 모발에 수분을 공급해 건강하고 윤기 있는 상태를 유지할 수 있습니다.,,이 제품은 피부의 수분을 유지하고 탄력을 높이기 위해 포함되었습니다.,,,,,2026-08-25T01:22:56.848776
ingredient,1938,,나이아신아마이드,Niacinamide,나이아신아마이드는 피부와 모발을 건강하게 관리하는 데 도움을 주는 성분입니다. 피부 탄력 회복과 모발의 유연성 증대에 효과적입니다.,"피부와 모발의 건강을 개선해, 윤택하고 부드러운 느낌을 줍니다.",,이 제품은 피부의 탄력과 건강을 개선하기 위해 포함되었습니다.,,트라넥사믹애씨드와 함께 사용하면 미백 효과를 더욱 높일 수 있어요. 아세틸글루코사민과 함께 사용하면 미백 효과가 더 좋아질 수 있다고 임상적으로 확인되었습니다.,,,2026-08-25T01:23:05.599581
ingredient,4759,,하이드롤라이즈드콜라겐,Hydrolyzed Collagen,"하이드롤라이즈드콜라겐은 피부와 모발의 건강을 개선하는 성분으로, 피부 탄력 회복과 모발 유연성 증대에 도움을 줍니다.","피부와 모발의 건강을 유지하고, 윤택한 외관을 만들어 줍니다.",,이 제품은 피부 탄력과 모발 건강을 개선하기 위해 하이드롤라이즈드콜라겐을 포함하고 있습니다.,,,,,2026-08-25T01:23:12.705382
ingredient,1264,,소듐하이알루로네이트,Sodium Hyaluronate,"피부를 보습하고 탄력을 회복시키는 성분으로, 건조한 피부를 개선해 줍니다.",피부에 수분을 공급해 건강하고 윤기 있는 피부를 유지할 수 있습니다.,,이 제품은 수분 고민을 해결하기 위해 이 성분을 포함하고 있습니다.,,,,,2026-08-25T01:23:18.748610
ingredient,1612,,아데노신,Adenosine,"아데노신은 피부를 부드럽게 하고 탄력을 회복시키는 성분으로, 건조한 피부를 개선하는 데 도움을 줍니다.","피부의 건강을 유지하고, 매끄러운 외관을 유지하는 데 도움을 줍니다.",,이 제품에서는 주름 개선과 피부 컨디셔닝을 위해 사용되었습니다.,,,,,2026-08-25T01:23:25.359627
ingredient,1047,,소듐디엔에이,Sodium DNA,피부를 컨디셔닝하여 건조와 손상에 대응하는 성분입니다.,피부의 탄력을 회복시켜 매끄럽고 건강한 외관을 도와줍니다.,,이 제품의 보습과 탄력 개선 목적에 부합하는 성분으로 사용되었습니다.,,,,,2026-08-25T01:23:31.431742
ingredient,4785,,하이알루로닉애씨드,Hyaluronic Acid,하이알루로닉애씨드는 피부를 부드럽게 하고 탄력을 높이는 성분입니다.,피부에 수분을 공급해 건조함을 개선해 줍니다.,,피부를 컨디셔닝하고 탄력을 회복시키기 위해 사용됩니다.,,,,,2026-08-25T01:23:37.438211
ingredient,7454,,하이드롤라이즈드소듐하이알루로네이트,Hydrolyzed Sodium Hyaluronate,"피부를 컨디셔닝하여 탄력을 회복시키는 성분으로, 건조하고 손상된 피부의 외관을 개선합니다.","피부를 부드럽게 하고, 탄력을 높여 건강한 피부를 유지할 수 있습니다.",,"이 제품은 피부의 수분을 보충하고, 탄력을 회복시키기 위해 사용됩니다.",,,,,2026-08-25T01:23:44.421579
ingredient,3679,,포타슘하이알루로네이트,Potassium Hyaluronate,포타슘하이알루로네이트는 피부를 부드럽게 하고 탄력을 되찾는 성분입니다.,피부의 건조함을 개선해 매끄럽고 윤기 있는 피부를 도와줍니다.,,이 제품은 피부를 컨디셔닝하여 수분을 유지하는 데 도움을 줍니다.,,,,,2026-08-25T01:23:57.661042
ingredient,1149,,소듐아세틸레이티드하이알루로네이트,Sodium Acetylated Hyaluronate,소듐아세틸레이티드하이알루로네이트는 피부에 수분을 유지하는 데 도움을 주는 성분입니다.,피부에 수분을 오래 유지시켜 건강한 피부를 유지할 수 있습니다.,,이 제품은 수분을 유지해 피부의 건강을 지키기 위해 이 성분을 포함했습니다.,,,,,2026-08-25T01:24:10.224866
ingredient,2884,,다마스크장미꽃수,Rosa Damascena Flower Water,다마스크장미꽃수는 피부에 자극을 줄이고 수분을 보충하는 역할을 합니다.,피부에 부드러움과 수분감을 제공해 건강한 피부를 유지할 수 있어요.,,이 제품은 피부 진정과 수분 보충을 위해 선택적으로 배합되었습니다.,,,,,2026-08-25T09:47:59.258770
ingredient,1530,,시트릭애씨드,Citric Acid,"시트릭애씨드는 제품의 pH를 조절하고, 금속이온을 제거하며 향을 부여하는 역할을 합니다.","피부에 부드러운 향을 제공하며, pH 균형을 유지해 피부 건강을 도와줍니다.",,이 제품은 pH 조절과 향을 위해 시트릭애씨드를 포함하고 있습니다.,민감성 피부는 주의가 필요해요,,,,2026-08-25T09:48:30.468752
ingredient,586,,부틸렌글라이콜,Butylene Glycol,부틸렌글라이콜은 제품의 텍스처를 가볍게 하고 피부에 부드러운 감각을 제공하는 성분입니다.,"피부에 부드러운 감각을 주고, 사용 시 촉촉함을 느낄 수 있습니다.",,"이 제품은 피부를 부드럽게 하고, 사용 시 촉촉함을 주는 데 사용됩니다.",,,,,2026-08-25T09:49:45.530322
ingredient,1775,,아크릴레이트/C10-30알킬아크릴레이트크로스폴리머,Acrylates/C10-30 Alkyl Acrylate Crosspolymer,이 성분은 제품의 유화 안정화와 점도 증가에 도움을 줍니다.,제품의 사용감을 자연스럽게 개선해 줍니다.,,제품의 수분 보습과 진정 효과를 보완하기 위해 사용되었습니다.,,,,,2026-08-25T09:49:54.686213
ingredient,2070,,에틸헥실글리세린,Ethylhexylglycerin,피부를 부드럽게 하고 탄력을 되찾아 건조한 피부를 개선해 줍니다.,피부의 건조함을 줄여 매끄럽고 촉촉한 느낌을 제공합니다.,,이 제품의 진정과 미백 효과를 보완하며 피부의 탄력을 유지하기 위해 사용됩니다.,,,,,2026-08-25T09:49:59.020044
ingredient,3289,,트로메타민,Tromethamine,트로메타민은 제품의 pH를 조절하고 향을 부여하는 역할을 합니다.,"제품의 사용감을 향상시키고, 피부에 부드러운 향을 제공합니다.",,"제품의 pH 균형을 유지하고, 사용 시 향을 더 자연스럽게 표현하기 위해 사용됩니다.",,,,,2026-08-25T09:50:03.470100
ingredient,2631,,잔탄검,Xanthan Gum,잔탄검은 제품의 텍스처를 개선하고 피부를 부드럽게 하는 역할을 합니다.,"피부의 건조함을 줄이고, 사용 시 촉촉한 감각을 제공합니다.",,"이 제품은 피부를 부드럽게 하고, 제품의 일관성을 유지하기 위해 사용되었습니다.",,,,,2026-08-25T09:50:07.704272
ingredient,5079,,다이소듐이디티에이,Disodium EDTA,다이소듐이디티에이 제품 내 금속이온을 불활성화하여 화장품 성분이 침전되는 것을 방지합니다.,제품의 안정성을 높여 피부에 더 오래 지속되도록 도와줍니다.,,제품의 성분이 효과적으로 작용하도록 금속이온의 영향을 제거하기 위해 사용되었습니다.,,,,,2026-08-25T09:50:12.417396
ingredient,734,,비피다발효용해물,Bifida Ferment Lysate,비피다발효용해물은 피부를 컨디셔닝해 건조와 손상에 대응하는 성분입니다.,피부 탄력과 수분을 유지해 건강한 피부 상태를 도와줍니다.,,이 제품은 피부 진정과 미백을 위한 효과를 위해 포함되었습니다.,,,,,2026-08-25T09:50:21.075253
ingredient,2088,,에탄올,Alcohol,"에탄올은 기포를 줄이고 피부를 조이는 느낌을 줄여주는 성분으로, 제품의 텍스처를 가볍게 만들어줍니다.",피부에 가벼운 무게감을 줄여 사용감을 개선해줍니다.,,"제품의 텍스처를 가볍게 하고, 사용 시 피부에 조이는 느낌을 줄이기 위해 사용되었습니다.","복합성, 건성, 민감성 피부는 고농도 사용 시 장벽 손상이 발생할 수 있으니 주의가 필요해요.",,,,2026-08-25T09:50:27.056525
ingredient,1836,,알로에베라잎추출물,"Aloe Barbadensis Leaf Extract,Aloe Vera Leaf Extract","알로에베라잎추출물은 피부를 보습하고, 산화를 방지하며, 피부를 부드럽게 하는 역할을 합니다.",피부에 수분을 공급해 건강하고 윤기 있는 피부를 유지할 수 있습니다.,,이 제품은 피부를 보습하고 탄력을 높여 건강한 피부를 유지하기 위해 사용되었습니다.,,,,,2026-08-25T09:50:31.718782
ingredient,3953,,프로판다이올,Propanediol,"프로판다이올은 제품의 점도를 낮추고, 다른 성분을 잘 녹이는 용제 역할을 합니다.","피부에 부드러운 감촉을 제공하며, 제품의 텍스처를 가볍게 해줍니다.",,이 제품의 수렴제 및 보습 효과를 높이기 위해 사용되었습니다.,,,,,2026-08-25T09:50:36.191563
ingredient,2681,,정제수,"Water,Aqua",정제수는 제품의 기반으로 사용되며 피부를 컨디셔닝하고 수분을 유지하는 데 도움을 줍니다.,피부의 탄력과 수분을 유지해 건강한 피부를 유지할 수 있습니다.,,이 제품의 수렴제 및 보습 기능을 효과적으로 전달하기 위해 사용되었습니다.,,,,,2026-08-25T09:50:40.660512
ingredient,2430,,아이소노닐아이소노나노에이트,Isononyl Isononanoate,피부를 부드럽고 매끄럽게 만들어주는 역할을 합니다.,피부에 윤활제 효과로 부드러움을 선사합니다.,,제품의 유연성과 피부 컨디셔닝 효과를 높이기 위해 사용되었습니다.,,,,,2026-08-25T09:50:44.513526
ingredient,5933,,폴리글리세릴-4카프레이트,Polyglyceryl-4 Caprate,"피부를 부드럽게 하고 윤활제 역할을 하며, 유화제로 사용되어 제품의 균일한 텍스처를 도와줍니다.",피부가 부드럽고 매끄러워 보이는 효과를 줍니다.,,제품의 유화제 역할을 통해 균일한 텍스처를 제공하고 피부를 부드럽게 하기 위해 사용되었습니다.,,,,,2026-08-25T09:50:49.308657
ingredient,2896,,카프릴릭/카프릭트라이글리세라이드,Caprylic/Capric Triglyceride,"피부 표면에 장벽을 형성하여 수분 손실을 늦추고, 제품의 향을 부여하는 역할을 합니다.",피부에 수분을 오래 유지시켜 건강한 피부를 도와줍니다.,,제품의 향을 부여하고 피부에 수분을 오래 유지시키기 위해 사용되었습니다.,,,,,2026-08-25T09:50:53.923207
ingredient,6259,,트라넥사믹애씨드,Tranexamic Acid,"트라넥사믹애씨드는 피부를 부드럽게 하고 탄력을 되찾는 성분으로, 피부의 건조와 손상을 개선해줍니다.","피부의 탄력과 수분을 유지해 주며, 피부의 외관을 개선해줍니다.",,피부의 건조와 손상을 줄이고 탄력을 회복시키기 위해 이 제품에 포함되어 있습니다.,,나이아신아마이드와 함께 사용하면 미백 효과를 더욱 높여주는 시너지 효과가 있어요. 실제 임상시험에서도 색소침착 개선 효과가 확인됐어요.,,,2026-08-25T09:51:24.905075
ingredient,5145,,다이에톡시에틸석시네이트,Diethoxyethyl Succinate,"다이에톡시에틸석시네이트는 용제 역할을 하며, 다른 성분을 균일하게 혼합하여 제품의 안정성을 높이는 데 기여합니다.",제품의 성분이 균일하게 분배되어 피부에 더 효과적으로 작용할 수 있도록 돕습니다.,,"이 제품은 수분과 미백을 목표로 하기 때문에, 다른 성분과 잘 섞이도록 돕는 용제 역할을 합니다.",,,,,2026-08-25T09:51:30.444145
ingredient,1877,,알부틴,Arbutin,"알부틴은 피부를 희게 하고, 산화를 방지하며 피부의 탄력을 유지하는 성분입니다.","피부를 밝게 하고, 건강한 피부 상태를 유지할 수 있습니다.",,이 제품은 미백과 피부 보호를 위해 알부틴을 포함하고 있습니다.,,,,,2026-08-25T09:51:34.645405
ingredient,3605,,펜틸렌글라이콜,Pentylene Glycol,펜틸렌글라이콜은 제품의 텍스처를 개선하고 피부를 부드럽게 하는 역할을 합니다.,피부의 건조함을 줄여 매끄럽고 부드러운 감촉을 제공합니다.,,이 제품의 수분 보충과 피부 컨디셔닝 목적에 부합하기 위해 사용되었습니다.,,,,,2026-08-25T09:51:39.051853
ingredient,476,,베타인살리실레이트,Betaine Salicylate,피부 표면의 죽은 피부 세포를 제거하는 데 도움을 줍니다.,각질을 정돈해 피부의 매끄러움을 높이는 효과가 있어요.,,이 제품은 각질 제거를 통해 피부의 투명도와 수분 함량을 개선하기 위해 사용되죠.,,,,,2026-08-25T09:51:43.558225
ingredient,4510,,하이드로제네이티드레시틴,Hydrogenated Lecithin,"하이드로제네이티드레시틴은 피부를 부드럽게 하고, 유화제 역할을 하며, 고체 입자의 분산을 돕는 성분입니다.","피부의 탄력을 회복시키고, 건조함을 개선해 주는 효과가 있습니다.",,"이 제품은 피부를 부드럽게 하고, 수분을 유지하는 데 도움을 주기 위해 포함되었습니다.",,,,,2026-08-25T09:52:06.248950
ingredient,2692,,젤란검,Gellan Gum,"젤란검은 제품의 수성 부분 점도를 증가시키고, 유화의 안정화에 도움을 줍니다.",제품의 텍스처를 부드럽게 해주어 발림성을 개선해줍니다.,,이 제품의 수분 보습과 미백 효과를 안정적으로 유지하기 위해 사용되었습니다.,,,,,2026-08-25T09:52:10.670313
ingredient,90,,퀸즈랜드넛오일,Macadamia Integrifolia Seed Oil,피부 표면에 장벽을 형성하여 수분 손실을 늦추는 성분입니다.,피부에 수분을 오래 유지해 건강한 피부를 지켜줍니다.,,제품의 수분 보존 및 피부 컨디셔닝을 돕기 위해 사용되었습니다.,,,,,2026-08-25T09:52:14.722718
ingredient,2296,,올리브오일,Olea Europaea (Olive) Fruit Oil,"올리브오일은 피부에 향을 더하고, 피부 표면에 보호막을 형성해 수분 손실을 줄이는 역할을 합니다.","피부에 부드러운 향을 줄 뿐 아니라, 수분을 오래 유지해 피부를 건강하게 관리할 수 있습니다.",,"이 제품은 수분과 미백을 위한 효과를 위해, 피부에 보호막을 형성하는 기능을 가진 올리브오일을 포함하고 있습니다.",,,,,2026-08-25T09:52:20.487271
ingredient,4897,,호호바씨오일,Simmondsia Chinensis (Jojoba) Seed Oil,"호호바씨오일은 피부에 보습과 컨디셔닝 효과를 주며, 모발의 건강을 개선하는 성분입니다.",피부와 모발에 수분을 공급해 건강한 상태를 유지할 수 있어요.,,"이 제품에서는 피부의 수분 손실을 줄이고, 모발의 유연성과 광택을 증진시키기 위해 사용했어요.",,,,,2026-08-25T09:52:25.559038
ingredient,1233,,소듐파이테이트,Sodium Phytate,소듐파이테이트는 금속이온을 불활성화하여 화장품에 침전하지 않도록 하는 성분입니다.,화장품의 안정성을 높여 피부에 더 오래 지속되도록 도와줍니다.,,이 제품은 피부에 남은 금속이온을 제거해 피부 건강을 유지하기 위해 사용되었습니다.,,,,,2026-08-25T09:52:34.075529
ingredient,1021,,셀룰로오스,Cellulose,셀룰로오스는 미끄럼을 조정하고 제품의 흡수성을 높이는 역할을 합니다.,제품이 더 부드럽고 잘 흡수되어 피부에 효과적으로 도달합니다.,,이 제품은 피부에 부드럽게 흡수되도록 하기 위해 셀룰로오스를 포함하고 있습니다.,,,,,2026-08-25T09:52:38.660860
ingredient,7864,,아이소나이아신아마이드,Isoniacinamide,벗겨짐을 줄이고 탄력을 회복시켜 건조하고 손상된 피부의 외관을 개선시키는 성분.,,,,,,,,2026-08-25T10:55:23.702569
ingredient,15345,,나이아신아마이드하이드록시시트레이트,Niacinamide Hydroxycitrate,벗겨짐을 줄이고 탄력을 회복시켜 건조하고 손상된 피부의 외관을 개선시키는 성분.,,,,,,,,2026-08-25T10:55:25.181943
ingredient,21387,,다이하이드로나이아신아마이드리보사이드아세틸트라이-t-부틸트립토파네이트,Dihydroniacinamide Riboside Acetyl Tri-t-Butyl Tryptophanate,"유해한 자극에 노출되어있거나 상처입은 피부를 일시적으로 보호하여 증상을 완화시킬 수 있도록 하는 성분. 미국에서는 피부보호제가 OTC (Over-The-Counter) 의약품 성분으로 규제된다. 벗겨짐을 줄이고 탄력을 회복시켜 건조하고 손상된 피부의 외관을 개선시키는 성분. 모발에 특별한 효과를 부여하는 성분으로 모발의 외형과 느낌 개선, 유연성 증대, 스타일 증진, 윤택 및 광택 부여, 모발의 질감 개선 등을 목적으로 함.",,,,,,,,2026-08-25T10:55:26.623777
ingredient,12946,,나이아신아마이드글라이콜레이트,Niacinamide Glycolate,벗겨짐을 줄이고 탄력을 회복시켜 건조하고 손상된 피부의 외관을 개선시키는 성분.,,,,,,,,2026-08-25T10:55:32.301533
ingredient,12948,,나이아신아마이드말레이트,Niacinamide Malate,벗겨짐을 줄이고 탄력을 회복시켜 건조하고 손상된 피부의 외관을 개선시키는 성분.,,,,,,,,2026-08-25T10:55:57.000496
ingredient,761,,사이아노코발아민,Cyanocobalamin,피부컨디셔닝제로 피부의 탄력을 회복시키고 건조함을 개선해 줍니다.,피부의 건조함을 줄여 매끄럽고 탄력 있는 피부를 유지할 수 있어요.,,이 제품은 피부의 건조함을 개선하고 탄력을 회복시키기 위해 배합되었습니다.,,,,,2026-08-25T11:41:10.646896
ingredient,3697,,폴리글루타믹애씨드,Polyglutamic Acid,피부를 부드럽게 하고 탄력을 회복시켜 건조한 피부를 개선하는 성분입니다.,피부의 탄력과 부드러움을 높여 건강한 피부를 유지할 수 있습니다.,,"이 제품은 피부를 부드럽게 하고 탄력을 회복시키는 데 사용되어, 피부의 건강을 개선합니다.",,,,,2026-08-25T11:41:15.321801
ingredient,18377,,3-O-에틸아스코빅애씨드,3-O-Ethyl Ascorbic Acid,피부컨디셔닝제로 피부 탄력을 회복시키고 건조한 피부를 개선해 줍니다.,피부의 건조함을 줄여 매끄럽고 탄력 있는 피부를 유지할 수 있어요.,,이 제품은 피부의 건조함과 탄력 저하를 개선하기 위해 배합되었습니다.,,,,,2026-08-25T11:41:19.713723
ingredient,7130,,세라마이드엔피,Ceramide NP,세라마이드엔피는 피부와 모발을 보호하고 탄력을 회복시키는 성분입니다.,피부와 모발의 건강을 유지하며 매끄러운 외관을 제공합니다.,,이 제품은 피부와 모발의 건강을 개선하기 위해 세라마이드엔피를 포함하고 있습니다.,,,,,2026-08-25T11:41:24.026380
ingredient,3755,,덱스트린,Dextrin,"덱스트린은 제품의 텍스처를 개선하고, 피부에 부드럽게 흡수되도록 도와주는 성분입니다.",피부에 부드럽게 흡수되어 사용감을 개선해 줍니다.,,이 제품의 수분 보충과 미백 효과를 더 잘 전달하기 위해 사용되었습니다.,,,,,2026-08-25T11:41:28.381922
ingredient,1737,,아시아티코사이드,Asiaticoside,아시아티코사이드는 피부를 건강하게 유지하고 산화를 방지하는 역할을 합니다.,피부의 탄력과 수분을 유지해 건강한 피부를 지원합니다.,,이 제품은 피부를 보호하고 수분을 유지하기 위해 아시아티코사이드를 포함하고 있습니다.,,,,,2026-08-25T11:41:49.934128
ingredient,4967,,효모발효추출물,Yeast Ferment Extract,"피부 컨디셔닝을 돕는 성분으로, 피부의 탄력을 회복시키고 건조함을 개선해 줍니다.",피부의 건조함을 줄여 매끄럽고 탄력 있는 피부를 유지할 수 있습니다.,,이 제품의 미백 및 수분 관리 효과를 높이기 위해 함께 사용됩니다.,,,,,2026-08-25T11:42:04.249409
ingredient,540,,병풀추출물,Centella Asiatica Extract,"병풀추출물은 피부를 부드럽게 하고 탄력을 회복시키는 성분으로, 피부의 건조와 손상을 개선해 줍니다.","피부의 탄력과 부드러움을 개선하여, 건강한 피부 상태를 유지하는 데 도움을 줍니다.",,이 제품은 피부를 컨디셔닝하고 수분을 유지하는 데 기여하기 위해 병풀추출물을 포함하고 있습니다.,,,,,2026-08-25T11:42:09.491105
ingredient,1978,,쑥잎추출물,Artemisia Princeps Leaf Extract,쑥잎추출물은 피부를 컨디셔닝해 건조와 손상에 대응하는 성분입니다.,피부 탄력과 외관을 개선해 건강한 피부를 유지할 수 있어요.,,이 제품의 미백과 수분 관리 목적을 지원하는 성분이에요.,,,,,2026-08-25T11:42:13.796420
ingredient,2913,,칸디다 봄비콜라/글루코오스/메틸레이프씨데이트발효물,Candida Bombicola/Glucose/Methyl Rapeseedate Ferment,"피부를 깨끗하게 하고 보호하며, 수분을 끌어들여 피부를 부드럽게 해주는 성분입니다.","피부에 윤활제 역할을 해 피부를 부드럽게 해주고, 수분을 공급해 건강한 피부를 유지할 수 있습니다.",,"이 제품은 피부를 깨끗하게 하고, 보호하며 수분을 공급하기 위해 사용되었습니다.",,,,,2026-08-25T11:42:18.855402
ingredient,1265,,소듐하이알루로네이트다이메틸실란올,Sodium Hyaluronate Dimethylsilanol,피부를 부드럽게 하고 탄력을 회복시켜 건조한 피부를 개선하는 성분입니다.,피부의 건조함을 개선해 매끄럽고 촉촉한 느낌을 줍니다.,,이 제품의 미백과 수분 관리 목적을 지원하기 위해 사용되었습니다.,,,,,2026-08-25T11:42:27.441339
ingredient,5392,,락토바실러스발효물,Lactobacillus Ferment,"락토바실러스발효물은 피부에 수분을 공급하고, 피부의 유수분 균형을 유지하는 데 도움을 줍니다.",피부에 수분을 공급해 건강하고 윤기 있는 피부를 유지할 수 있습니다.,,"이 제품은 수분과 미백을 목표로 하기 때문에, 피부에 수분을 공급하는 데 기여합니다.",,,,,2026-08-25T11:42:38.012585
ingredient,1496,,스핑고모나스발효추출물,Sphingomonas Ferment Extract,스핑고모나스발효추출물은 피부에 보습과 컨디셔닝 효과를 제공하는 성분입니다.,피부에 수분을 공급하여 건강한 피부 유지에 도움을 줍니다.,,이 제품의 미백 및 수분 관리 목표를 지원하기 위해 포함되었습니다.,,,,,2026-08-25T11:42:42.158016
ingredient,7730,,인도멀구슬나무꽃추출물,Melia Azadirachta Flower Extract,인도멀구슬나무꽃추출물은 피부를 컨디셔닝해 건조와 손상에 대응하는 성분입니다.,피부의 탄력을 회복시켜 매끄럽고 건강해 보이는 효과를 줍니다.,,이 제품의 미백과 수분 관리 목적에 부합하는 성분으로 배합되었습니다.,,,,,2026-08-25T11:42:46.638497
ingredient,2549,,인도멀구슬나무잎추출물,Melia Azadirachta Leaf Extract,인도멀구슬나무잎추출물은 피부를 컨디셔닝해 건조와 손상에 대응하는 성분입니다.,피부의 탄력과 외관을 개선해 건강한 피부를 유지할 수 있어요.,,이 제품의 미백과 수분 관리 목적에 부합하는 성분이에요.,,,,,2026-08-25T11:42:54.792679
ingredient,3124,,울금뿌리추출물,Curcuma Longa (Turmeric) Root Extract,울금뿌리추출물은 제품에 향을 부여하는 역할을 합니다.,제품의 향을 즐겁게 느낄 수 있도록 도와줍니다.,,이 제품은 향을 더 자연스럽게 표현하기 위해 울금뿌리추출물을 사용했습니다.,,,,,2026-08-25T11:43:08.268720
ingredient,2784,,참산호말추출물,Corallina Officinalis Extract,참산호말추출물은 제품에 향을 부여하고 피부를 컨디셔닝해 건조한 피부를 개선하는 역할을 합니다.,피부의 탄력과 외관을 개선해 건강한 피부를 유지할 수 있습니다.,,이 제품은 피부를 컨디셔닝하여 건조함을 줄이는 데 사용되었습니다.,,,,,2026-08-25T11:43:12.998875
ingredient,3731,,폴리글리세릴-10라우레이트,Polyglyceryl-10 Laurate,"피부를 부드럽게 하고, 수분을 유지하는 데 도움을 줍니다.",피부의 탄력을 높여 건조함을 개선해 줍니다.,,이 제품의 미백과 보습 효과를 높이기 위해 사용되었습니다.,,,,,2026-08-25T11:43:16.871643
ingredient,5218,,다이프로필렌글라이콜,Dipropylene Glycol,"다이프로필렌글라이콜은 제품의 점도를 낮추고, 피부를 부드럽게 하며 향을 부여하는 역할을 합니다.",피부를 부드럽게 해주어 사용 후 촉촉하고 매끄러운 느낌을 줍니다.,,이 제품은 피부를 컨디셔닝하여 건조함을 개선하기 위해 사용됩니다.,,,,,2026-08-25T11:43:25.894861
ingredient,3287,,트레할로오스,Trehalose,"트레할로오스는 보습제로 피부에 수분을 유지시키고, 감미제로 제품의 향을 증진시킵니다.",피부에 수분을 오래 유지해 건강한 피부를 유지할 수 있습니다.,,"이 제품은 피부에 수분을 오래 유지시키고, 제품의 향을 증진시키기 위해 사용되었습니다.",,,,,2026-08-25T11:43:40.648675
ingredient,4646,,하이드록시프로필사이클로덱스트린,Hydroxypropyl Cyclodextrin,하이드록시프로필사이클로덱스트린은 금속이온을 불활성화하고 유화의 안정성을 높이는 역할을 합니다.,화장품의 성분이 피부에 안정적으로 작용하도록 도와줍니다.,,이 제품의 진정 효과를 높이기 위해 금속이온의 영향을 줄이는 데 사용되었습니다.,,,,,2026-08-25T11:43:50.139578
ingredient,1256,,글리세릴아크릴레이트/아크릴릭애씨드코폴리머,Glyceryl Acrylate/Acrylic Acid Copolymer,"피부에 수분을 끌어들이고, 제품의 점도를 조절해 부드럽게 마무리해 줍니다.","피부에 수분을 공급해 보습 효과를 높이고, 사용감을 부드럽게 해줍니다.",,"제품의 사용감을 부드럽게 하고, 피부에 수분을 공급해 보습 효과를 높이기 위해 사용되었습니다.",,,,,2026-08-25T11:43:59.949795
ingredient,12947,,나이아신아마이드락테이트,Niacinamide Lactate,벗겨짐을 줄이고 탄력을 회복시켜 건조하고 손상된 피부의 외관을 개선시키는 성분.,,,,,,,,2026-08-25T15:38:59.185678
ingredient,3854,,도코사헥사에노익애씨드,Docosahexaenoic Acid,도코사헥사에노익애씨드는 피부를 부드럽게 하고 탄력을 회복시켜 건조한 피부를 개선하는 성분입니다.,피부의 탄력과 부드러움을 높여 건강한 피부를 유지할 수 있습니다.,,"이 제품은 피부 진정을 목표로 하기 때문에, 피부를 부드럽게 하고 탄력을 회복시키는 효과를 기대할 수 있습니다.",,,,,2026-08-25T11:44:09.768403
ingredient,4023,,피리독신에이치씨엘,Pyridoxine HCl,피리독신에이치씨엘은 피부와 모발의 건강을 유지하는 데 도움을 주는 성분입니다.,피부와 모발의 탄력과 외관을 개선해 주는 효과가 있습니다.,,이 제품은 피부 진정과 보습을 목표로 하기 때문에 피리독신에이치씨엘이 포함되어 있습니다.,,,,,2026-08-25T11:44:23.712290
ingredient,2505,,아이소쿼시트린,Isoquercitrin,산화방지제로 피부 손상을 줄이는 역할을 합니다.,피부의 산화 손상을 예방해 건강한 피부를 유지할 수 있습니다.,,이 제품은 산화방지 효과로 피부 진정을 돕기 위해 사용되었습니다.,,,,,2026-08-25T11:44:32.280472
ingredient,3108,,쿼세틴,Quercetin,쿼세틴은 산화방지와 피부컨디셔닝을 통해 피부 건강을 지키는 성분입니다.,피부의 건조와 손상을 줄여 매끄럽고 탄력 있는 피부를 유지할 수 있습니다.,,이 제품은 피부 진정을 위해 산화방지와 컨디셔닝 효과를 통해 피부를 보호하기 위해 사용됩니다.,,,,,2026-08-25T11:44:37.298448
ingredient,18275,,마카다미아씨오일,Macadamia Ternifolia Seed Oil,마카다미아씨오일은 피부 표면에 보호막을 형성하여 수분 손실을 늦추는 역할을 합니다.,피부에 보호막을 형성해 수분을 오래 유지시켜 건강한 피부를 유지할 수 있습니다.,,이 제품은 수분 보존을 위해 마카다미아씨오일을 포함하여 수분차단을 도와줍니다.,,,,,2026-08-25T11:44:52.228719
ingredient,1154,,소듐아크릴레이트/소듐아크릴로일다이메틸타우레이트코폴리머,Sodium Acrylate/Sodium Acryloyldimethyl Taurate Copolymer,이 성분은 제품의 안정성과 사용감을 높이는 데 도움을 줍니다.,"피부에 부드러운 감촉을 제공하며, 사용감을 개선해줍니다.",,제품의 안티케이킹제 및 유화안정제 역할을 하여 사용 시 덩어리 없이 균일하게 발라줍니다.,,,,,2026-08-25T11:45:01.293864
ingredient,3880,,폴리아이소부텐,Polyisobutene,폴리아이소부텐은 제품의 텍스처를 부드럽게 하고 피부에 투명한 막을 형성하여 수분 손실을 줄이는 역할을 합니다.,피부에 투명한 막을 형성해 수분을 오래 유지해 주는 효과가 있습니다.,,이 제품의 수분 보존 기능을 강화하기 위해 사용되었습니다.,,,,,2026-08-25T11:45:06.254096
ingredient,956,,글리세레스-26,Glycereth-26,"글리세레스-26는 피부에 수분을 공급하고, 제품의 점도를 낮추어 사용감을 개선하는 성분입니다.","피부에 수분을 공급해 촉촉함을 유지하고, 사용 시 가벼운 무게감을 제공합니다.",,이 제품의 수분 보습 및 수분차단 목적을 지원하기 위해 사용되었습니다.,,,,,2026-08-25T11:45:15.431167
ingredient,2898,,카프릴릴글라이콜,Caprylyl Glycol,"피부를 부드럽게 하고 윤활제 역할을 하며, 모발의 외형과 느낌을 개선하는 성분입니다.",피부와 모발을 부드럽게 해주어 매끄럽고 윤택한 느낌을 줍니다.,,이 제품의 수분 보습 및 컨디셔닝 효과를 높이기 위해 사용되었습니다.,,,,,2026-08-25T11:45:19.954115
ingredient,2903,,카프릴릴/카프릴글루코사이드,Caprylyl/Capryl Glucoside,"카프릴릴/카프릴글루코사이드는 피부와 모발을 깨끗하게 해주는 계면활성제로, 기름과 먼지를 물에 섞어 씻겨내는 역할을 합니다.",피부의 깨끗함을 유지해 피부 상태를 건강하게 도와줍니다.,,이 제품은 피부의 수분을 보호하고 수분을 차단하는 데 도움을 주기 위해 이 성분을 포함하고 있습니다.,,,,,2026-08-25T11:45:30.009065
ingredient,70,,마데카소사이드,Madecassoside,마데카소사이드는 피부를 보호하고 손상된 피부를 개선하는 역할을 합니다.,피부의 건강을 유지하고 외부 자극으로부터 보호해줍니다.,,이 제품은 피부 보호와 수분 유지에 도움을 주기 위해 포함되었습니다.,,,,,2026-08-25T11:45:43.642463
ingredient,483,,글라이신,Glycine,"글라이신은 피부를 부드럽게 하고, 모발의 탄력을 회복시켜 건조한 피부와 손상된 모발을 개선하는 성분입니다.","피부와 모발의 건강을 유지하며, 외관을 개선해 줍니다.",,"이 제품은 피부의 수분을 유지하고, 건조함을 줄이는 데 사용되며, 글라이신은 이를 보조하는 역할을 합니다.",,,,,2026-08-25T11:45:48.890980
ingredient,916,,세린,Serine,"세린은 피부와 모발을 부드럽게 하고, 향을 부여하는 역할을 합니다.","피부와 모발의 건강을 유지하며, 부드러운 감촉을 제공합니다.",,"이 제품은 피부를 컨디셔닝하고, 수분을 유지하는 데 사용됩니다.",,,,,2026-08-25T11:45:53.076522
ingredient,905,,글루타믹애씨드,Glutamic Acid,피부를 부드럽게 하고 수분을 유지하는 데 도움을 주는 성분입니다.,피부에 수분을 공급해 건강한 피부를 유지할 수 있습니다.,,이 제품은 피부를 보습하고 수분을 유지하는 데 사용됩니다.,,,,,2026-08-25T11:45:57.043801
ingredient,1734,,아스파틱애씨드,Aspartic Acid,아스파틱애씨드는 향을 부여하고 피부와 모발의 건강을 개선하는 역할을 합니다.,피부와 모발의 탄력과 외관을 개선해 건강한 피부를 유지할 수 있어요.,,이 제품은 피부와 모발의 컨디셔닝을 위해 아스파틱애씨드를 포함하고 있어요.,,,,,2026-08-25T11:46:01.810193
ingredient,5360,,라이신,Lysine,라이신은 피부와 모발을 건강하게 관리하는 데 도움을 주는 성분입니다.,피부와 모발의 건강을 개선하여 매끄럽고 윤택한 느낌을 줍니다.,,이 제품은 피부를 보습하고 컨디셔닝하여 건강한 피부를 유지하기 위해 라이신을 포함하고 있습니다.,,,,,2026-08-25T11:46:10.762978
ingredient,3555,,페닐알라닌,Phenylalanine,페닐알라닌은 향을 부여하고 피부와 모발을 컨디셔닝하는 역할을 합니다.,피부와 모발의 건강과 외관을 개선해 주는 효과가 있습니다.,,이 제품은 피부와 모발의 컨디셔닝을 위해 페닐알라닌을 포함하고 있습니다.,,,,,2026-08-25T11:46:19.881366
ingredient,3285,,트레오닌,Threonine,"트레오닌은 피부와 모발의 건강을 개선하는 성분으로, 피부를 부드럽게 하고 모발의 탄력을 높이는 역할을 합니다.","피부와 모발의 건강을 유지하며, 부드럽고 윤택한 느낌을 줍니다.",,"이 제품은 피부를 컨디셔닝하고, 모발의 외관을 개선하기 위해 트레오닌을 포함하고 있습니다.",,,,,2026-08-25T11:46:25.135719
ingredient,3986,,프롤린,Proline,"프롤린은 향을 부여하고 피부와 모발을 부드럽게 하는 성분으로, 제품의 향과 사용감을 개선합니다.",피부와 모발의 탄력과 부드러움을 높여 건강한 외관을 유지할 수 있습니다.,,이 제품은 피부와 모발의 컨디셔닝을 위해 프롤린을 포함하여 사용되었습니다.,,,,,2026-08-25T11:46:30.096211
ingredient,416,,발린,Valine,발린은 향을 부여하고 피부와 모발을 부드럽게 하는 성분입니다.,피부와 모발의 건강을 유지하고 부드러운 감촉을 제공합니다.,,이 제품은 피부와 모발의 컨디셔닝을 위해 발린을 포함하고 있습니다.,,,,,2026-08-25T11:46:34.162913
ingredient,2441,,아이소류신,Isoleucine,아이소류신은 피부와 모발을 부드럽게 하고 건조함을 개선하는 성분입니다.,피부와 모발의 탄력과 윤기를 높여 건강한 외관을 유지할 수 있어요.,,이 제품의 수분 보습 효과를 보완하고 피부의 건조함을 개선하기 위해 사용했어요.,,,,,2026-08-25T11:46:38.831715
ingredient,5021,,히스티딘,Histidine,히스티딘은 피부와 모발을 부드럽게 하고 건강을 유지하는 데 도움을 줍니다.,피부와 모발의 건강을 개선하여 부드럽고 윤택한 느낌을 줍니다.,,이 제품은 피부를 컨디셔닝하고 모발의 외관을 개선하기 위해 히스티딘을 포함하고 있습니다.,,,,,2026-08-25T11:46:43.568625
ingredient,12177,,나이아신아마이드아스코베이트,Niacinamide Ascorbate,벗겨짐을 줄이고 탄력을 회복시켜 건조하고 손상된 피부의 외관을 개선시키는 성분.,,,,,,,,2026-08-25T15:39:01.234495
ingredient,165,,메티오닌,Methionine,"메티오닌은 피부와 모발의 건강을 개선하는 성분으로, 피부의 탄력과 외관을 개선하며 모발의 유연성과 광택을 증진시킵니다.","피부와 모발의 건강을 향상시키고, 매끄럽고 윤택한 외관을 제공합니다.",,이 제품에서 메티오닌은 피부와 모발의 건강을 지원하기 위해 배합되었습니다.,,,,,2026-08-25T11:46:48.910119
ingredient,1511,,시스테인,Cysteine,"시스테인은 산화방지제와 헤어컨디셔닝제로, 모발의 손상을 방지하고 부드러움을 부여하는 역할을 합니다.",모발의 건강을 유지하고 부드러운 감촉을 제공해 주는 효과가 있습니다.,"한도 내에서 사용해야 하며, 과다 사용 시 피부에 자극을 줄 수 있습니다.",이 제품은 모발의 수분을 유지하고 외부 손상을 줄이기 위해 사용됩니다.,,,,,2026-08-25T11:46:54.674359
ingredient,4154,,피이지-30다이폴리하이드록시스테아레이트,PEG-30 Dipolyhydroxystearate,"피이지-30다이폴리하이드록시스테아레이트는 유화제로, 유제를 형성하는 데 도움을 줍니다.",유화제 역할로 피부에 부드러운 감촉을 제공합니다.,,"이 제품의 유화제 역할을 수행하며, 제품의 안정성과 사용감을 높입니다.",,,,,2026-08-25T11:47:24.129839
ingredient,8360,,하이드록시아세토페논,Hydroxyacetophenone,"하이드록시아세토페논은 산화 방지제로, 산소와의 화학 반응으로 인한 손상을 줄이는 데 도움을 줍니다.",피부에 유해한 산화 반응을 억제해 건강한 피부 유지에 도움을 줍니다.,,이 제품은 피부에 유해한 산화 반응을 줄이기 위해 이 성분을 포함하고 있습니다.,,,,,2026-08-25T11:47:34.284361
ingredient,6222,,바오밥나무씨오일,Adansonia Digitata Seed Oil,바오밥나무씨오일은 피부를 부드럽게 하고 모발을 윤기 있게 관리하는 성분입니다.,피부와 모발의 건강을 개선해 매끄럽고 윤기 있는 상태를 유지할 수 있습니다.,,이 제품의 수분차단과 보습 효과를 보완하기 위해 피부컨디셔닝제로 사용되었습니다.,,,,,2026-08-25T11:47:43.438730
ingredient,3696,,폴리글루쿠로닉애씨드,Polyglucuronic Acid,"피부에 얇은 필름을 형성하고, 수분을 잡아두는 보습 효과가 있어 피부를 부드럽게 해줍니다.","피부에 수분을 잡아두어 건조함을 완화시키고, 부드러운 감촉을 제공해줍니다.",,"이 제품은 피부에 수분을 유지시키고, 피부를 부드럽게 하기 위해 포함되었습니다.",,,,,2026-08-25T11:47:53.578767
ingredient,8322,,세라마이드엔에스,Ceramide NS,세라마이드엔에스는 피부와 모발을 부드럽게 하고 탄력을 회복시키는 성분입니다.,피부와 모발의 건강을 개선해 매끄럽고 윤기 있는 느낌을 줍니다.,,이 제품은 피부를 보호하고 수분을 유지하는 데 도움을 줍니다.,,,,,2026-08-25T11:47:57.935082
ingredient,9695,,세라마이드에이에스,Ceramide AS,세라마이드에이에스는 피부와 모발을 보호하고 건강하게 유지하는 데 도움을 줍니다.,피부와 모발의 탄력과 유연성을 높여 건강한 외관을 유지할 수 있습니다.,,이 제품은 피부를 보호하고 수분을 유지하는 데 기여하기 위해 포함되었습니다.,,,,,2026-08-25T11:48:02.431015
ingredient,8323,,세라마이드에이피,Ceramide AP,세라마이드에이피는 피부와 모발을 보호하고 건강하게 유지하는 데 도움을 줍니다.,피부와 모발의 탄력과 유연성을 높여 매끄럽고 건강한 느낌을 줍니다.,,이 제품은 피부를 보호하고 수분을 유지하는 데 기여하기 위해 포함되었습니다.,,,,,2026-08-25T11:48:11.592594
ingredient,11763,,산양삼추출물,Panax Ginseng Root Extract,산양삼추출물은 피부에 수분을 공급하고 보습 효과를 높이는 데 도움을 줍니다.,피부에 수분을 공급해 건강한 탄력 있는 피부를 유지할 수 있습니다.,,이 제품의 보습 및 수분차단 목적을 지원하기 위해 포함되었습니다.,,,,,2026-08-25T11:48:15.863167
product,,p-0473f02e2867,아벤느 이드랑스 부스트 세럼 30ml,아벤느,,,,,,,"<br>
이 드랑스 부스트 세럼은 탄력성과 윤택을 갖춘 친해성 있는 촉촉한 피부를 위한 세럼으로, 다양한 세라마이드와 글리세린이 활용된 촉촉한 피부를 위한 세럼입니다.",,2026-08-24T04:52:05.888446
product,,p-29a3a5df236c,메디필 히알루론산 레이어 물톡스 앰플 더블 기획 30ml+30ml,메디필,,,,,,,메디필 히알루론산 레이어 물톡스 앰플 더블 기획은 다양한 잎 추출물과 함께  성분의 조화를 통해 건강한 피부 관리를 제공합니다.,,2026-08-24T02:37:10.685392
product,,p-7eadefdf2c34,스킨푸드 캐롯 카로틴 모이스트 이펙터 (55ml+52ml),스킨푸드,,,,,,,'스킨푸드 캐롯 카로틴 모이스트 이펙터'는 탄력 있는 피부를 위한  자연스러운 보습과 미백 효과를 제공하는 제품입니다.,,2026-08-24T04:48:16.084237
product,,p-78263282d2d2,셀리맥스 트라넥삼산 브라이트닝 잡티 세럼 30ml,셀리맥스,,,,,,,셀리맥스 트라넥삼산 브라이트닝 잡티 세럼은  미백과 피부의 톤을 개선하는 데 도움을 주는 유연하고 안정적인 성분 구성으로 제작되었습니다.,,2026-08-24T04:23:11.285400
product,,p-12b96e48b5ee,넘버즈인 1번 판토텐산 액티브업 수딩세럼 50ml,넘버즈인,,,,,,,"넘버즈인 1번 판토텐산 액티브업 수딩세럼은 탄력성을 개선하고 피부 윤기, 촉촉함을 유지하기 위한 성분들을 사용하여 피부에 촉촉함과 윤기를 더합니다.",,2026-08-20T20:31:01.187083
product,,p-a0c6566adf98,아누아 어성초 77 B3 징크 트러블 세럼 30ml,아누아,,,,,,,아누아 어성초 77 B3 징크 트러블 세럼은 피부에 긍정적인 영향을 미치는 핵심 성분들을 사용하여 진정하고 맑은 피부를 만들어냅니다.,"아누아 어성초 77 B3 징크 트러블 세럼은 약모밀꽃/잎/줄기수, 나이아신아마이드, 1,10-데칸다이올, 판테놀, 글리세린 등의 핵심 성분을 사용하여 피부에 진정하고 맑은 피부를 만들어냅니다. 특히, 징크 트러블을 해소하는 데 효과적인 성분들이 포함되어 있습니다.",2026-08-24T07:52:18.853390
product,,p-573154ac7935,더마팩토리 나이아신아마이드 20% 세럼 30ml,더마팩토리,,,,,,,피부 진정과 미백을 돕는 나이아신아마이드를 중심으로 한 수분 관리 세럼,"나이아신아마이드는 피부 진정과 미백에 도움을 주는 성분으로, 수분 관리에 효과적입니다. 또한 다마스크장미꽃수와 글리세린은 피부에 수분을 공급하고 보호하는 역할을 하며, 부틸렌글라이콜은 제품의 텍스처를 부드럽게 해줍니다. 이 제품은 피부의 건강을 지키는 데 도움을 줍니다.",2026-08-25T09:48:50.451427
product,,p-76d4e4a3eb49,VT 리들샷 100 에센스 30ml,VT,,,,,,,피부에 수분을 채워주며 보호하는 데 도움을 줍니다.,"다이프로필렌글라이콜과 글리세린은 피부에 수분을 공급하고 보호하는 데 도움을 줍니다. 나이아신아마이드와 마카다미아씨오일은 피부를 부드럽게 하고 수분을 유지하는 데 기여합니다. 1,10-데칸다이올은 피부의 건강을 유지하는 데 도움을 줍니다.",2026-08-25T11:44:47.270246
product,,p-ead3e65b775d,[미백/잡티케어] 달바 비타 토닝 세럼 토너 180ml,달바,,,,,,,이 제품은 피부톤업과 피부 건강 개선을 위한 다양한 성분이 조화롭게 작용하는    달바 비타 토닝 세럼  이라고 볼 수 있습니다.,,2026-08-24T04:37:45.790636
product,,p-69250fe7725a,아누아 피디알엔 히알루론산 캡슐 100 세럼 30mL,아누아,,,,,,,하이드롤라이즈드하이알루로닉애씨드와 소듐하이알루로네이트가 피부를 수분으로부터 보호해 주는 세럼,"하이드롤라이즈드하이알루로닉애씨드와 소듐하이알루로네이트는 수분을 유지하는 데 도움을 줍니다. 나이아신아마이드, 하이드롤라이즈드콜라겐, 아데노신 등은 피부 건강을 케어하는 데 기여합니다. 이 성분들은 함께 사용되어 피부에 수분을 공급하고 건강을 유지하는 데 도움을 줍니다.",2026-08-25T01:22:43.618417
product,,p-72bc30b8757c,더마팩토리 리얼베라 모공세럼 30ml,더마팩토리,,,,,,,피부 컨디셔닝과 보습을 동시에 책임지는 모공 관리 세럼,"비피다발효용해물과 나이아신아마이드가 피부 컨디셔닝을 도와주며, 알로에베라잎추출물로 보습 효과를 강화했습니다. 에탄올은 기포를 방지해 사용감을 자연스럽게 만들어주고, 1,10-데칸다이올은 피부를 더욱 부드럽게 관리합니다.",2026-08-25T09:50:16.962772
product,,p-966eb6ba15aa,아누아 TXA 나이아신 흔적 세럼 30ml,아누아,,,,,,,아누아 TXA 나이아신 흔적 세럼은 피부에 탄력과 윤기를 더해주는 성분으로 구성되어 특유의 촉감과 균형잡힌 보습성을 제공합니다.,"나이아신아마이드와 트라넥사믹애씨드는 시너지 효과를 통해 미백과 피부 건강을 돕는 주요 성분입니다. 또한 글리세린과 부틸렌글라이콜은 피부에 수분을 공급하고, 1,10-데칸다이올은 피부를 부드럽게 해줍니다. 이 제품은 수분과 미백 고민을 가진 피부를 위해 설계되었습니다.",2026-08-25T09:51:18.148894
product,,p-e6d7d64c2d42,아누아 복숭아 70 나이아신아마이드 세럼 30ml,아누아,,,,,,,피부 컨디셔닝과 수분 관리에 도움을 주는 복숭아 텍스처 세럼,"글리세린과 부틸렌글라이콜은 피부에 수분을 공급하며, 나이아신아마이드는 피부 컨디셔닝에 도움을 줍니다. 1,10-데칸다이올과 소듐하이알루로네이트는 피부를 부드럽게 하고 수분을 유지하는 데 기여합니다. 이 제품은 수분과 미백 고민을 가진 피부에 적합합니다.",2026-08-25T11:42:32.807780
product,,p-7fd8c21ac1e9,VT 리들샷 300 에센스 50ml,VT,,,,,,,피부에 수분을 공급하며 부드럽게 마무리해주는 텍스처,"다이프로필렌글라이콜과 글리세린이 피부에 수분을 공급하고, 나이아신아마이드와 마카다미아씨오일이 피부를 부드럽게 마무리해주는 텍스처를 만들어냅니다. 1,10-데칸다이올은 피부의 건강을 유지하는 데 도움을 줍니다.",2026-08-25T11:46:59.204188
product,,p-25071cd9a85a,VT 피디알엔 에센스 100 30ml,VT,,,,,,,피부에 부드럽게 스며들어 건강한 톤을 유지하는 데 도움을 줍니다.,"아이소프로필미리스테이트와 카프릴릭/카프릭트라이글리세라이드가 결합제 역할을 하며, 피부에 부드럽게 스며들 수 있도록 도와줍니다. 세틸에틸헥사노에이트는 용제로 피부에 투과성을 높여주고, 글리세린은 피부를 보호하며 변성제 역할을 합니다. 나이아신아마이드는 피부 컨디셔닝을 돕는 성분으로, 미백 효과를 기대할 수 있습니다.",2026-08-25T11:47:05.492505
