계열(family),매칭유형,ingredient_id,성분명_한글,성분명_영문(INCI),배합목적,매칭근거
히알루론산 계열,정확(어근일치),1149,소듐아세틸레이티드하이알루로네이트,Sodium Acetylated Hyaluronate,보습제,"어근: 하이알루로/히알루론, Hyaluron"
히알루론산 계열,정확(어근일치),1264,소듐하이알루로네이트,Sodium Hyaluronate,피부컨디셔닝제(기타); 피부컨디셔닝제,"어근: 하이알루로/히알루론, Hyaluron"
히알루론산 계열,정확(어근일치),1267,소듐하이알루로네이트크로스폴리머,Sodium Hyaluronate Crosspolymer,피부컨디셔닝제(기타); 피부컨디셔닝제(보습제); 피부컨디셔닝제; 피부보습제,"어근: 하이알루로/히알루론, Hyaluron"
히알루론산 계열,정확(어근일치),4670,하이드록시프로필트라이모늄하이알루로네이트,Hydroxypropyltrimonium Hyaluronate,보습제; 피막형성제,"어근: 하이알루로/히알루론, Hyaluron"
히알루론산 계열,정확(어근일치),4785,하이알루로닉애씨드,Hyaluronic Acid,점도증가제(수성); 피부컨디셔닝제(기타),"어근: 하이알루로/히알루론, Hyaluron"
히알루론산 계열,정확(어근일치),5611,하이드롤라이즈드하이알루로닉애씨드,Hydrolyzed Hyaluronic Acid,피부컨디셔닝제(보습제); 헤어컨디셔닝제,"어근: 하이알루로/히알루론, Hyaluron"
히알루론산 계열,정확(어근일치),7454,하이드롤라이즈드소듐하이알루로네이트,Hydrolyzed Sodium Hyaluronate,피부컨디셔닝제(기타),"어근: 하이알루로/히알루론, Hyaluron"
B5/판토텐산 계열,정확(어근일치),2941,칼슘판토테네이트,Calcium Pantothenate,헤어컨디셔닝제; 모발컨디셔닝제,"어근: 판테놀/판토텐, Panthen/Pantothen"
B5/판토텐산 계열,정확(어근일치),3500,판테놀,Panthenol,용제; 피부컨디셔닝제(보습제); 헤어컨디셔닝제,"어근: 판테놀/판토텐, Panthen/Pantothen"
B5/판토텐산 계열,정확(어근일치),3507,판토테닉애씨드,Pantothenic Acid,헤어컨디셔닝제; 모발컨디셔닝제,"어근: 판테놀/판토텐, Panthen/Pantothen"
비타민C 계열,정확(어근일치),1151,소듐아스코빌포스페이트,Sodium Ascorbyl Phosphate,산화방지제,"어근: 아스코빌/아스코르빈/아스코르브, Ascorb"
비타민C 계열,정확(어근일치),1718,아스코빅애씨드,Ascorbic Acid,pH 조정제; 산화방지제; 착향제; 피부컨디셔닝제(기타); 피부컨디셔닝제,"어근: 아스코빌/아스코르빈/아스코르브, Ascorb"
비타민C 계열,정확(어근일치),1720,아스코빌글루코사이드,Ascorbyl Glucoside,미백개선제; 산화방지제; 미백개선(기능성화장품),"어근: 아스코빌/아스코르빈/아스코르브, Ascorb"
비타민C 계열,정확(어근일치),18377,3-O-에틸아스코빅애씨드,3-O-Ethyl Ascorbic Acid,피부컨디셔닝제(기타),"어근: 아스코빌/아스코르빈/아스코르브, Ascorb"
콜라겐 계열,정확(어근일치),1348,수용성콜라겐,Soluble Collagen,피부컨디셔닝제(기타); 헤어컨디셔닝제; 피부컨디셔닝제; 모발컨디셔닝제,"어근: 콜라겐, Collagen"
콜라겐 계열,유연물질(관련이지만 다른 물질),3522,팔미토일트라이펩타이드-5,Palmitoyl Tripeptide-5,피부컨디셔닝제(기타),콜라겐 직접 함유 아님 — 콜라겐 합성을 촉진한다고 알려진 펩타이드(목적 교차검증)
콜라겐 계열,유연물질(관련이지만 다른 물질),4834,헥사펩타이드-2,Hexapeptide-2,피부컨디셔닝제(기타),콜라겐 직접 함유 아님 — 콜라겐 합성을 촉진한다고 알려진 펩타이드(목적 교차검증)
콜라겐 계열,유연물질(관련이지만 다른 물질),4837,헥사펩타이드-9,Hexapeptide-9,피부컨디셔닝제(기타),콜라겐 직접 함유 아님 — 콜라겐 합성을 촉진한다고 알려진 펩타이드(목적 교차검증)
비피다 발효물 계열,정확(어근일치),732,비피다발효여과물,Bifida Ferment Filtrate,,"어근: 비피다, Bifida"
비피다 발효물 계열,정확(어근일치),734,비피다발효용해물,Bifida Ferment Lysate,피부컨디셔닝제(기타); 피부컨디셔닝제,"어근: 비피다, Bifida"
마데카소사이드 계열,정확(어근일치),70,마데카소사이드,Madecassoside,산화방지제; 피부보호제; 피부컨디셔닝제(기타),"어근: 마데카소사이드, Madecassoside"
마데카소사이드 계열,유연물질(관련이지만 다른 물질),71,마데카식애씨드,Madecassic Acid,피부컨디셔닝제(기타),같은 병풀(Centella Asiatica) 유래지만 마데카소사이드와 화학적으로 다른 화합물
마데카소사이드 계열,유연물질(관련이지만 다른 물질),539,병풀잎추출물,Centella Asiatica Leaf Extract,피부컨디셔닝제(기타),같은 병풀(Centella Asiatica) 유래지만 마데카소사이드와 화학적으로 다른 화합물
마데카소사이드 계열,유연물질(관련이지만 다른 물질),540,병풀추출물,Centella Asiatica Extract,피부컨디셔닝제(기타); 피부컨디셔닝제,같은 병풀(Centella Asiatica) 유래지만 마데카소사이드와 화학적으로 다른 화합물
마데카소사이드 계열,유연물질(관련이지만 다른 물질),1737,아시아티코사이드,Asiaticoside,산화방지제; 피부컨디셔닝제(기타); 피부컨디셔닝제,같은 병풀(Centella Asiatica) 유래지만 마데카소사이드와 화학적으로 다른 화합물
마데카소사이드 계열,유연물질(관련이지만 다른 물질),1738,아시아틱애씨드,Asiatic Acid,피부컨디셔닝제(기타); 피부컨디셔닝제,같은 병풀(Centella Asiatica) 유래지만 마데카소사이드와 화학적으로 다른 화합물
마데카소사이드 계열,유연물질(관련이지만 다른 물질),16210,병풀꽃/잎/줄기추출물,Centella Asiatica Flower/Leaf/Stem Extract,피부컨디셔닝제(기타),같은 병풀(Centella Asiatica) 유래지만 마데카소사이드와 화학적으로 다른 화합물
마데카소사이드 계열,유연물질(관련이지만 다른 물질),17069,병풀뿌리추출물,Centella Asiatica Root Extract,피부컨디셔닝제(기타),같은 병풀(Centella Asiatica) 유래지만 마데카소사이드와 화학적으로 다른 화합물
NMN 계열,정확(어근일치),19540,니코틴아마이드모노뉴클레오타이드,Nicotinamide Mononucleotide,산화방지제; 피부컨디셔닝제(기타); 피부컨디셔닝제,"어근: 니코틴아마이드모노뉴클레오타이드, Nicotinamide Mononucleotide"
EGF 계열,정확(DB 정의문 근거),7477,에스에이치-올리고펩타이드-1,sh-Oligopeptide-1,피부컨디셔닝제(기타),"DB summary(정의 원문)에 ""상피세포성장인자(Epidermal Growth Factor)를 코딩하는 사람 유전자와 동일한 코드로 합성""이라고 명시 — 어근매칭 아닌 정의문 근거, 사용자 확인 완료"
